ADDRESS,IMAP,imap port,SMTP,smtp port
420blaze.it,mail.cock.li,993,mail.cock.li,587
8chan.co,mail.cock.li,993,mail.cock.li,587
aaathats3as.com,mail.cock.li,993,mail.cock.li,587
accountant.com,imap.mail.com,993,smtp.mail.com,587
activist.com,imap.mail.com,993,smtp.mail.com,587
adexec.com,imap.mail.com,993,smtp.mail.com,587
airmail.cc,mail.cock.li,993,mail.cock.li,587
allergist.com,imap.mail.com,993,smtp.mail.com,587
alumni.bits-pilani.ac.in,imap.gmail.com,993,smtp.gmail.com,465
alumni.com,imap.mail.com,993,smtp.mail.com,587
alumnidirector.com,imap.mail.com,993,smtp.mail.com,587
alunos.utfpr.edu.br,imap.gmail.com,993,smtp.gmail.com,587
anche.no,mail.autistici.org,993,smtp.autistici.org,465
angelic.com,imap.mail.com,993,smtp.mail.com,587
aol.com,imap.aol.com,993,smtp.aol.com,465
appraiser.net,imap.mail.com,993,smtp.mail.com,587
archaeologist.com,imap.mail.com,993,smtp.mail.com,587
arcticmail.com,imap.mail.com,993,smtp.mail.com,587
artlover.com,imap.mail.com,993,smtp.mail.com,587
asia.com,imap.mail.com,993,smtp.mail.com,587
auctioneer.net,imap.mail.com,993,smtp.mail.com,587
autistiche.org,mail.autistici.org,993,smtp.autistici.org,465
autistici.org,mail.autistici.org,993,smtp.autistici.org,465
autograf.pl,imap.poczta.onet.pl,993,smtp.poczta.onet.pl,465
autoproduzioni.net,mail.autistici.org,993,smtp.autistici.org,465
bartender.net,imap.mail.com,993,smtp.mail.com,587
bastardi.net,mail.autistici.org,993,smtp.autistici.org,465
bguth.de,wp300.webpack.hosteurope.de,993,wp300.webpack.hosteurope.de,587
bikerider.com,imap.mail.com,993,smtp.mail.com,587
billycarlyle.uk,mail.muny.us,993,mail.muny.us,465
birdlover.com,imap.mail.com,993,smtp.mail.com,587
bjoernguthphotography.de,wp300.webpack.hosteurope.de,993,wp300.webpack.hosteurope.de,587
brew-meister.com,imap.mail.com,993,smtp.mail.com,587
bruttocarattere.org,mail.autistici.org,993,smtp.autistici.org,465
canaglie.net,mail.autistici.org,993,smtp.autistici.org,465
canaglie.org,mail.autistici.org,993,smtp.autistici.org,465
carleton.ca,imap-mail.outlook.com,993,smtp-mail.outlook.com,587
cash4u.com,imap.mail.com,993,smtp.mail.com,587
cheerful.com,imap.mail.com,993,smtp.mail.com,587
chef.net,imap.mail.com,993,smtp.mail.com,587
chemist.com,imap.mail.com,993,smtp.mail.com,587
chrissx.ga,chrissx.ga,993,chrissx.ga,25
clarkson.edu,imap.gmail.com,993,smtp.gmail.com,587
clerk.com,imap.mail.com,993,smtp.mail.com,587
clubmember.org,imap.mail.com,993,smtp.mail.com,587
cmail.carleton.ca,imap-mail.outlook.com,993,smtp-mail.outlook.com,587
cocaine.ninja,mail.cock.li,993,mail.cock.li,587
cock.email,mail.cock.li,993,mail.cock.li,587
cock.li,mail.cock.li,993,mail.cock.li,587
cock.lu,mail.cock.li,993,mail.cock.li,587
collector.org,imap.mail.com,993,smtp.mail.com,587
columnist.com,imap.mail.com,993,smtp.mail.com,587
comic.com,imap.mail.com,993,smtp.mail.com,587
computer4u.com,imap.mail.com,993,smtp.mail.com,587
consultant.com,imap.mail.com,993,smtp.mail.com,587
contractor.net,imap.mail.com,993,smtp.mail.com,587
coolsite.net,imap.mail.com,993,smtp.mail.com,587
counsellor.com,imap.mail.com,993,smtp.mail.com,587
cryptolab.net,mail.autistici.org,993,smtp.autistici.org,465
cumallover.me,mail.cock.li,993,mail.cock.li,587
cyberservices.com,imap.mail.com,993,smtp.mail.com,587
datentopf.org,mail.datentopf.org,993,mail.datentopf.org,587
deliveryman.com,imap.mail.com,993,smtp.mail.com,587
dicksinhisan.us,mail.cock.li,993,mail.cock.li,587
dicksinmyan.us,mail.cock.li,993,mail.cock.li,587
diplomats.com,imap.mail.com,993,smtp.mail.com,587
disroot.org,disroot.org,993,disroot.org,587
distruzione.org,mail.autistici.org,993,smtp.autistici.org,465
dr.com,imap.mail.com,993,smtp.mail.com,587
duke.edu,outlook.office365.com,993,smtp.office365.com,587
email.arizona.edu,imap.gmail.com,993,smtp.gmail.com,587
email.com,imap.mail.com,993,smtp.mail.com,587
eneco.com,outlook.office365.com,993,smtp.office365.com,587
engineer.com,imap.mail.com,993,smtp.mail.com,587
erciyes.edu.tr,posta.erciyes.edu.tr,993,smtp.erciyes.edu.tr,587
ethancoe.com,mail.privateemail.com,993,mail.privateemail.com,465
etu.upmc.fr,courriel.upmc.fr,993,smtps.upmc.fr,587
europe.com,imap.mail.com,993,smtp.mail.com,587
fastmail.com,imap.fastmail.com,993,smtp.fastmail.com,465
fastmail.fm,imap.fastmail.com,993,smtp.fastmail.com,465
firemail.cc,mail.cock.li,993,mail.cock.li,587
forpsi.com,imap.forpsi.com,993,smtp.forpsi.com,465
forthnet.gr,mail.forthnet.gr,993,smtp-auth.forthnet.gr,465
fsmpi.rwth-aachen.de,mail.fsmpi.rwth-aachen.de,993,mail.fsmpi.rwth-aachen.de,465
fsu-jena,exchange.uni-jena.de,993,smtp.uni-jena.de,587
getbackinthe.kitchen,mail.cock.li,993,mail.cock.li,587
gmail.com,imap.gmail.com,993,smtp.gmail.com,587
gmx.at,imap.gmx.net,993,mail.gmx.net,587
gmx.com,imap.gmx.net,993,mail.gmx.net,587
gmx.de,imap.gmx.net,993,mail.gmx.net,587
gmx.eu,imap.gmx.net,993,mail.gmx.net,587
gmx.fr,imap.gmx.com,993,mail.gmx.com,587
gmx.info,imap.gmx.net,993,mail.gmx.net,587
gmx.net,imap.gmx.net,993,mail.gmx.net,587
gmx.org,imap.gmx.net,993,mail.gmx.net,587
go2.pl,poczta.o2.pl,993,poczta.o2.pl,465
goat.si,mail.cock.li,993,mail.cock.li,587
googlemail.com,imap.googlemail.com,993,smtp.googlemail.com,587
grrlz.net,mail.autistici.org,993,smtp.autistici.org,465
hacari.com,mail.autistici.org,993,smtp.autistici.org,465
hacari.net,mail.autistici.org,993,smtp.autistici.org,465
hacari.org,mail.autistici.org,993,smtp.autistici.org,465
hhu.de,mail.hhu.de,993,mail.hhu.de,465
hitler.rocks,mail.cock.li,993,mail.cock.li,587
horsefucker.org,mail.cock.li,993,mail.cock.li,587
hostgator,gator4171.hostgator.com,993,gator4171.hostgator.com,587
hotmail.be,outlook.office365.com,993,smtp.office365.com,587
hotmail.ca,outlook.office365.com,993,smtp.office365.com,587
hotmail.cl,outlook.office365.com,993,smtp.office365.com,587
hotmail.co.id,outlook.office365.com,993,smtp.office365.com,587
hotmail.co.il,outlook.office365.com,993,smtp.office365.com,587
hotmail.co.in,outlook.office365.com,993,smtp.office365.com,587
hotmail.co.jp,outlook.office365.com,993,smtp.office365.com,587
hotmail.co.kr,outlook.office365.com,993,smtp.office365.com,587
hotmail.co.th,outlook.office365.com,993,smtp.office365.com,587
hotmail.co.uk,outlook.office365.com,993,smtp.office365.com,587
hotmail.co.za,outlook.office365.com,993,smtp.office365.com,587
hotmail.com,imap-mail.outlook.com,993,smtp-mail.outlook.com,587
hotmail.com.ar,outlook.office365.com,993,smtp.office365.com,587
hotmail.com.au,outlook.office365.com,993,smtp.office365.com,587
hotmail.com.br,outlook.office365.com,993,smtp.office365.com,587
hotmail.com.hk,outlook.office365.com,993,smtp.office365.com,587
hotmail.com.tr,outlook.office365.com,993,smtp.office365.com,587
hotmail.com.tw,outlook.office365.com,993,smtp.office365.com,587
hotmail.com.vn,outlook.office365.com,993,smtp.office365.com,587
hotmail.cz,outlook.office365.com,993,smtp.office365.com,587
hotmail.de,outlook.office365.com,993,smtp.office365.com,587
hotmail.dk,outlook.office365.com,993,smtp.office365.com,587
hotmail.es,outlook.office365.com,993,smtp.office365.com,587
hotmail.fi,outlook.office365.com,993,smtp.office365.com,587
hotmail.fr,imap-mail.outlook.com,993,smtp-mail.outlook.com,587
hotmail.gr,outlook.office365.com,993,smtp.office365.com,587
hotmail.hu,outlook.office365.com,993,smtp.office365.com,587
hotmail.it,outlook.office365.com,993,smtp.office365.com,587
hotmail.lt,outlook.office365.com,993,smtp.office365.com,587
hotmail.lv,outlook.office365.com,993,smtp.office365.com,587
hotmail.my,outlook.office365.com,993,smtp.office365.com,587
hotmail.nl,outlook.office365.com,993,smtp.office365.com,587
hotmail.no,outlook.office365.com,993,smtp.office365.com,587
hotmail.ph,outlook.office365.com,993,smtp.office365.com,587
hotmail.rs,outlook.office365.com,993,smtp.office365.com,587
hotmail.se,outlook.office365.com,993,smtp.office365.com,587
hotmail.sg,outlook.office365.com,993,smtp.office365.com,587
hotmail.sk,outlook.office365.com,993,smtp.office365.com,587
hushmail.com,imap.hushmail.com,993,smtp.hushmail.com,465
illinois.edu, imap.gmail.com,993,smtp.gmail.com,465
iname.com,imap.mail.com,993,smtp.mail.com,587
inf.h-brs.de,imap.inf.h-brs.de,993,smtp.inf.h-brs.de,587
infomaniak.com,imap.infomaniak.com,993,imap.infomaniak.com,587
insiberia.net,mail.autistici.org,993,smtp.autistici.org,465
insicuri.net,mail.autistici.org,993,smtp.autistici.org,465
interactio.io,imap.gmail.com,993,smtp.gmail.com,587
interia.eu,poczta.interia.pl,993,poczta.interia.pl,465
interia.pl,poczta.interia.pl,993,poczta.interia.pl,465
inventati.org,mail.autistici.org,993,smtp.autistici.org,465
itu.dk,imap-mail.outlook.com,993,smtp-mail.outlook.com,587
kipras.org,mail.kipras.org,993,mail.kipras.org,587
krutt.org,mail.autistici.org,993,smtp.autistici.org,465
kth.se,webmail.kth.se,993,smtp.kth.se,587
lavabit.com,lavabit.com,993,lavabit.com,587
linuxmail.org,imap.mail.com,993,smtp.mail.com,587
live.com,imap-mail.outlook.com,993,smtp-mail.outlook.com,587
logorroici.org,mail.autistici.org,993,smtp.autistici.org,465
loves.dicksinhisan.us,mail.cock.li,993,mail.cock.li,587
loves.dicksinmyan.us,mail.cock.li,993,mail.cock.li,587
lukesmith.xyz,mail.lukesmith.xyz,993,mail.lukesmith.xyz,587
mail.com,imap.mail.com,993,smtp.mail.com,587
mail.polimi.it,outlook.office365.com,993,smtp.office365.com,587
mail.ru,imap.mail.ru,993,smtp.mail.ru,465
mailbox.org,imap.mailbox.org,993,smtp.mailbox.org,587
memeware.net,mail.cock.li,993,mail.cock.li,587
ml1.net,imap.fastmail.com,993,smtp.fastmail.com,465
mortemale.org,mail.autistici.org,993,smtp.autistici.org,465
msn.com,imap-mail.outlook.com,993,smtp-mail.outlook.com,587
muny.us,mail.muny.us,993,mail.muny.us,465
myself.com,imap.mail.com,993,smtp.mail.com,587
narod.ru,imap.yandex.com,993,smtp.yandex.com,587
national.shitposting.agency,mail.cock.li,993,mail.cock.li,587
netcourrier.com,mail.netcourrier.com,993,mail.netcourrier.com,465
nigge.rs,mail.cock.li,993,mail.cock.li,587
nuke.africa,mail.cock.li,993,mail.cock.li,587
nyu.edu,imap.gmail.com,993,smtp.gmail.com,587
o2.pl,poczta.o2.pl,993,poczta.o2.pl,465
odu.edu,imap.gmail.com,993,smtp.gmail.com,587
one.com,imap.one.com,993,send.one.com,465
onenetbeyond.org,mail.autistici.org,993,smtp.autistici.org,465
onet.com.pl,imap.poczta.onet.pl,993,smtp.poczta.onet.pl,465
onet.eu,imap.poczta.onet.pl,993,smtp.poczta.onet.pl,465
onet.pl,imap.poczta.onet.pl,993,smtp.poczta.onet.pl,587
online.de,imap.1und1.de,993,smtp.1und1.de,465
op.pl,imap.poczta.onet.pl,993,smtp.poczta.onet.pl,465
opoczta.pl,imap.poczta.onet.pl,993,smtp.poczta.onet.pl,465
orange.fr,imap.orange.fr,993,smtp.orange.fr,465
outlook.at,imap-mail.outlook.com,993,smtp-mail.outlook.com,587
outlook.com,imap-mail.outlook.com,993,smtp-mail.outlook.com,587
outlook.de,imap-mail.outlook.com,993,smtp-mail.outlook.com,587
paranoici.org,mail.autistici.org,993,smtp.autistici.org,465
pm.me,127.0.0.1,1143,127.0.0.1,1025
poczta.fm,poczta.interia.pl,993,poczta.interia.pl,465
poczta.onet.pl,imap.poczta.onet.pl,993,smtp.poczta.onet.pl,465
polimi.it,outlook.office365.com,993,smtp.office365.com,587
post.com,imap.mail.com,993,smtp.mail.com,587
posteo.de,posteo.de,993,posteo.de,587
posteo.net,posteo.de,993,posteo.de,587
privacyrequired.com,mail.autistici.org,993,smtp.autistici.org,465
prokonto.pl,poczta.o2.pl,993,poczta.o2.pl,465
protonmail.ch,127.0.0.1,1143,127.0.0.1,1025
protonmail.com,127.0.0.1,1143,127.0.0.1,1025
rape.lol,mail.cock.li,993,mail.cock.li,587
redchan.it,mail.cock.li,993,mail.cock.li,587
runbox.com,mail.runbox.com,993,mail.runbox.com,587
rwth-aachen.de,mail.rwth-aachen.de,993,mail.rwth-aachen.de,587
sapo.pt,imap.sapo.pt,993,smtp.sapo.pt,587
smail.inf.h-brs.de,imap.inf.h-brs.de,993,smtp.inf.h-brs.de,587
southwales.ac.uk,imap.gmail.com,993,smtp.gmail.com,587
spoko.pl,imap.poczta.onet.pl,993,smtp.poczta.onet.pl,465
stevens.edu,imap-mail.outlook.com,993,smpt-mail.outlook.com,587
stronzi.org,mail.autistici.org,993,smtp.autistici.org,465
stud.tu-darmstadt.de,imap.stud.tu-darmstadt.de,993,smtp.tu-darmstadt.de,465
stud.uis.no,outlook.office365.com,993,smtp.office365.com,587
stud.uni-bamberg.de,outlook.office365.com,993,smtp.office365.com,587
student.rmit.edu.au,outlook.office365.com,993,smtp.office365.com,587
students.southwales.ac.uk,imap.gmail.com,993,smtp.gmail.com,587
studserv.uni-leipzig.de,studserv.uni-leipzig.de,993,studserv.uni-leipzig.de,25
subvertising.org,mail.autistici.org,993,smtp.autistici.org,465
t-online.de,secureimap.t-online.de,993,securesmtp.t-online.de,465
techie.com,imap.mail.com,993,smtp.mail.com,587
teknik.io,mail.teknik.io,993,mail.teknik.io,587
telenet.be,imap.telenet.be,993,smtp.telenet.be,587
tfwno.gf,mail.cock.li,993,mail.cock.li,587
tlen.pl,poczta.o2.pl,993,poczta.o2.pl,465
tquad.ai,imap.mail.eu-west-1.awsapps.com,993,smtp.mail.eu-west-1.awsapps.com,465
tu-harburg.de,mail.tu-harburg.de,993,mail.tu-harburg.de,587
tuhh.de,mail.tu-harburg.de,993,mail.tu-harburg.de,587
txstate.edu,outlook.office365.com,993,smtp.office365.com,587
uach.mx,imap.gmail.com,993,smtp.gmail.com,587
uni-duesseldorf.de,mail.hhu.de,993,mail.hhu.de,465
uoregon.edu,imap.uoregon.edu,993,smtp.uoregon.edu,587
uqtr.ca,outlook.office365.com,993,smtp.office365.com,587
usa.com,imap.mail.com,993,smtp.mail.com,587
utas.edu.au,outlook.office365.com,993,smtp.office365.com,587
utdallas.edu,outlook.office365.com,993,smtp.office365.com,587
uw.edu,imap.gmail.com,993,smtp.gmail.com,465
uymail.com,imap.mail.com,993,smtp.mail.com,587
vip.onet.pl,imap.poczta.onet.pl,993,smtp.poczta.onet.pl,465
vivaldi.net,imap.vivaldi.net,993,smtp.vivaldi.net,587
vp.pl,imap.poczta.onet.pl,993,smtp.poczta.onet.pl,465
vt.edu,imap.gmail.com,993,smtp.gmail.com,587
waifu.club,mail.cock.li,993,mail.cock.li,587
wanadoo.fr,imap.orange.fr,993,smtp.orange.fr,465
wants.dicksinhisan.us,mail.cock.li,993,mail.cock.li,587
wants.dicksinmyan.us,mail.cock.li,993,mail.cock.li,587
web.de,imap.web.de,993,smtp.web.de,587
wp.pl,imap.wp.pl,993,smtp.wp.pl,465
writeme.com,imap.mail.com,993,smtp.mail.com,587
ya.ru,imap.yandex.com,993,smtp.yandex.com,587
yahoo.com,imap.mail.yahoo.com,993,smtp.mail.yahoo.com,587
yahoo.fr,imap.mail.yahoo.com,993,smtp.mail.yahoo.com,587
yahoo.gr,imap.mail.yahoo.com,993,smtp.mail.yahoo.com,587
yandex.by,imap.yandex.com,993,smtp.yandex.com,587
yandex.com,imap.yandex.com,993,smtp.yandex.com,587
yandex.kz,imap.yandex.com,993,smtp.yandex.com,587
yandex.net,imap.yandex.com,993,smtp.yandex.com,587
yandex.ru,imap.yandex.com,993,smtp.yandex.com,587
yandex.ua,imap.yandex.com,993,smtp.yandex.com,587
zoho.com,imap.zoho.com,993,smtp.zoho.com,465
tlu.edu,imap-mail.outlook.com,993,smtp-mail.outlook.com,587
mailo.com,mail.mailo.com,993,mail.mailo.com,465
mail.mcgill.ca,outlook.office365.com,993,smtp.office365.com,587
ua.pt,outlook.office365.com,993,mail.ua.pt,25
